parameter,value,unit
Ri,16.6815,
Rn,0.0032356,
Vc,80.0,mV
Zc,1.4961,
kc,0.01,/ms
ki,0.00017795,/ms
kn,9.9987,/ms
ric_c,0.99807,
ric_n,0.14714,
vc_ic,9.9985,
vic_c,995.4519,
vic_n,0.0010059,
vn_ic,9.9683,
