parameter,value,unit
Ri,0.019015,
Rn,0.048709,
Ro,8.4023,
Vc,-14.7288,mV
Zc,0.6722,
kc,0.75735,/ms
ki,0.010526,/ms
kn,0.01,/ms
ko,0.20066,/ms
ric_c,0.0002854,
ric_n,0.0010081,
vc_ic,2.6633,
vic_c,999.9995,
vic_n,853.6123,
vn_ic,0.1,
