parameter,value,unit
Hkc,0.12166,/K
Hki,0.44916,/K
Hkn,-0.85022,/K
Hri,0.0026028,/K
Hric_n,-0.066541,/K
Hrn,-0.048079,/K
Hvc,0.91934,/K
Hvic_c,-0.71121,/K
Hvic_n,-0.29515,/K
Hvn_ic,0.94495,/K
Ri,0.78718,
Rn,1.6611,
Vc,-17.6122,mV
Zc,1.6756,
kc,0.030179,/ms
ki,0.00025091,/ms
kn,0.010089,/ms
ric_c,0.01189,
ric_n,5.55,
vc_ic,1.6111,
vic_c,999.9351,
vic_n,0.66208,
vn_ic,0.10006,
