parameter,value,unit
Hkc,0.2194,/K
Hki,0.054262,/K
Hri,-0.030805,/K
Hvc,1.0,/K
Hvic_c,0.32753,/K
Ri,0.0049827,
Ro,0.014951,
Vc,-40.381,mV
Zc,0.91519,
kc,0.067641,/ms
ki,0.18943,/ms
ko,0.001,/ms
ric_c,0.10535,
vc_ic,0.15856,
vic_c,0.0010496,
