parameter,value,unit
Ri,0.28188,
Rn,488.5345,
Ro,9.9919,
Vc,-34.336,mV
Zc,0.42972,
kc,0.039723,/ms
ki,0.33405,/ms
kn,9.8464,/ms
ko,0.0024124,/ms
ric_c,0.20733,
ric_n,5.0421,
vc_ic,10.0,
vic_c,0.95019,
vic_n,999.9641,
vn_ic,7.4363,
