parameter,value,unit
Ri,22.8417,
Rn,0.2647,
Vc,48.3636,mV
Zc,0.58528,
kc,0.078262,/ms
ki,0.0010849,/ms
kn,1.4307,/ms
ric_c,0.99989,
ric_n,0.9639,
vc_ic,9.9999,
vic_c,999.9527,
vic_n,0.0010001,
vn_ic,9.9991,
